{
    "variants": {
        "facing=south,powered=true": { "model": "gates:gate_or_lit" },
        "facing=south,powered=false": { "model": "gates:gate_or_unlit" },
        "facing=west,powered=false": { "model": "gates:gate_or_unlit", "y": 90 },
        "facing=north,powered=false": { "model": "gates:gate_or_unlit", "y": 180 },
        "facing=east,powered=false": { "model": "gates:gate_or_unlit", "y": 270 },
        "facing=south,powered=true": { "model": "gates:gate_or_lit" },
        "facing=west,powered=true": { "model": "gates:gate_or_lit", "y": 90 },
        "facing=north,powered=true": { "model": "gates:gate_or_lit", "y": 180 },
        "facing=east,powered=true": { "model": "gates:gate_or_lit", "y": 270 }
    }
}
