<?xml version="1.0" encoding="UTF-8"?>
<project xmlns="http://maven.apache.org/POM/4.0.0" xmlns:xsi="http://www.w3.org/2001/XMLSchema-instance" xsi:schemaLocation="http://maven.apache.org/POM/4.0.0 http://maven.apache.org/maven-v4_0_0.xsd">
  <modelVersion>4.0.0</modelVersion>
  <groupId>net.jwebnet</groupId>
  <artifactId>RegionAudit</artifactId>
  <version>0.5</version>
  <build>
    <sourceDirectory>${basedir}/src/main/java</sourceDirectory>
    <defaultGoal>install</defaultGoal>
    <resources>
      <resource>
        <filtering>true</filtering>
        <directory>${project.basedir}/src/main/resources/</directory>
      </resource>
    </resources>
    <finalName>RegionAudit</finalName>
    <plugins>
      <plugin>
        <artifactId>maven-antrun-plugin</artifactId>
        <version>1.7</version>
      </plugin>
      <plugin>
        <artifactId>maven-assembly-plugin</artifactId>
        <version>2.4</version>
      </plugin>
      <plugin>
        <artifactId>maven-dependency-plugin</artifactId>
        <version>2.8</version>
      </plugin>
      <plugin>
        <artifactId>maven-release-plugin</artifactId>
        <version>2.4.2</version>
      </plugin>
      <plugin>
        <artifactId>maven-shade-plugin</artifactId>
        <version>2.2</version>
        <executions>
          <execution>
            <phase>package</phase>
            <goals>
              <goal>shade</goal>
            </goals>
          </execution>
        </executions>
        <configuration />
      </plugin>
      <plugin>
        <artifactId>maven-compiler-plugin</artifactId>
        <version>3.1</version>
        <configuration>
          <source>1.6</source>
          <target>1.6</target>
          <showDeprecation>false</showDeprecation>
        </configuration>
      </plugin>
      <plugin>
        <artifactId>maven-clean-plugin</artifactId>
        <version>2.5</version>
      </plugin>
      <plugin>
        <artifactId>maven-install-plugin</artifactId>
        <version>2.5.1</version>
      </plugin>
      <plugin>
        <artifactId>maven-resources-plugin</artifactId>
        <version>2.6</version>
      </plugin>
      <plugin>
        <artifactId>maven-surefire-plugin</artifactId>
        <version>2.16</version>
      </plugin>
      <plugin>
        <artifactId>maven-jar-plugin</artifactId>
        <version>2.4</version>
      </plugin>
      <plugin>
        <artifactId>maven-deploy-plugin</artifactId>
        <version>2.8.1</version>
      </plugin>
      <plugin>
        <artifactId>maven-site-plugin</artifactId>
        <version>3.3</version>
      </plugin>
    </plugins>
  </build>
  <repositories>
    <repository>
      <id>bukkit-repo</id>
      <url>http://repo.bukkit.org/content/groups/public/</url>
    </repository>
    <repository>
      <id>sk89q-repo</id>
      <url>http://maven.sk89q.com/repo/</url>
    </repository>
  </repositories>
  <properties>
    <maven.compiler.source>1.7</maven.compiler.source>
    <project.build.sourceEncoding>UTF-8</project.build.sourceEncoding>
    <maven.compiler.target>1.7</maven.compiler.target>
  </properties>
</project>

